user_id,username,first_name,last_name,is_premium,is_verified,already_whitelisted,action
562587208,user_6708,Paul,Martinez,True,False,False,add
443142828,user_6911,Michael,,True,False,False,add
513282921,user_6002,Peter,Jackson,False,False,False,add
582821767,user_6445,Olga,,False,False,False,add
152603547,user_6874,Paul,,False,False,False,add
565373750,,Lisa,,False,False,False,add
379028495,,Lisa,Brown,False,False,False,add
841010541,,James,Moore,True,False,False,add
237890552,user_5923,James,Wilson,False,False,False,add
335038945,user_4068,David,Thompson,False,False,False,add
102825541,user_7283,Eva,Taylor,False,False,False,add
936739145,user_5349,Peter,,False,False,False,add
892134072,user_1387,Victoria,Miller,False,False,False,add
542141313,user_5230,Peter,Thompson,False,False,False,add
631898558,user_2797,Natasha,,False,False,False,add
971672586,,Irina,Jackson,False,False,False,add
682643895,,Daniel,,False,False,False,add
792273248,user_6775,Tom,,False,False,False,add
894829263,user_4500,Paul,,True,False,False,add
386358186,user_5657,Natasha,Lee,True,False,False,add
622886649,user_4271,Steve,Lopez,False,False,False,add
314867722,user_7070,Chris,,False,False,False,add
768536189,user_7703,Kate,,False,False,False,add
727091725,user_5555,Chris,Martinez,False,False,False,add
232755567,user_8148,Alex,Miller,True,False,False,add
449026301,,Diana,,False,False,False,add
846016748,user_9361,Lisa,Miller,False,False,False,add
334996115,user_9263,Maria,Martinez,False,False,False,add
808488458,,Nina,,False,False,False,add
555329832,user_7248,Chris,Williams,False,False,False,add
678378769,,Kate,,False,False,False,add
197132514,,Diana,Miller,False,False,False,add
639781548,,Maria,Gonzalez,True,False,False,add
881132501,user_9066,David,,False,False,False,add
563393196,user_2643,Peter,Rodriguez,False,False,False,add
947926570,user_9732,Paul,,True,False,False,add
490395382,,Emma,Thomas,False,False,False,add
875921731,user_9828,Mark,,False,False,False,add
334398382,,Emma,Wilson,False,False,False,add
710717434,user_5991,Diana,Lee,False,False,False,add
701332886,,Irina,Rodriguez,False,False,False,add
388022758,user_6777,Lisa,,True,False,False,add
533708328,user_4520,Natasha,,False,False,False,add
647427535,,Maria,,False,False,False,add
550133839,,Anna,Thompson,False,False,False,add
922656851,user_3286,Victoria,,False,False,False,add
409930509,user_6560,John,Taylor,False,False,False,add
769153102,,Emma,Jones,False,False,False,add
180387531,,Irina,,False,False,False,add
243130893,,John,,False,False,False,add
223255586,user_1514,Steve,Brown,False,False,False,add
925190864,user_2579,Diana,,False,False,False,add
683761481,,Diana,,True,False,False,add
507657598,user_9237,Anna,,False,False,False,add
332769067,user_8183,Anna,,False,False,False,add
524314159,user_8445,William,,False,False,False,add
480842226,,John,,False,False,False,add
179373937,user_2581,Lisa,,False,False,False,add
438283732,,Tom,,False,False,False,add
358618782,user_4771,Steve,,False,False,False,add
634400002,user_1223,Julia,,True,False,False,add
165960591,user_3064,Michael,Moore,False,False,False,add
169658700,,Robert,Smith,False,False,False,add
936628238,,Diana,White,False,False,False,add
768698996,user_3295,Elena,Martinez,True,False,False,add
276662366,user_3904,Emma,,False,False,False,add
973728348,user_7023,James,,False,False,False,add
427795627,,Emma,,True,False,False,add
886157192,user_6739,Kate,,False,False,False,add
612874821,user_5810,Julia,,False,False,False,add
307571410,,Peter,,False,False,False,add
371314046,user_4519,Mark,,True,False,False,add
408790267,user_7406,Paul,White,False,False,False,add
603004439,,Julia,Martin,True,False,False,add
910121307,user_5725,Michael,,False,False,False,add
417332805,user_6208,Anna,,False,False,False,add
193924902,user_4204,Daniel,,False,False,False,add
279945585,user_5886,Kate,,False,False,False,add
238440965,user_3156,Jack,,False,False,False,add
337656963,user_9572,Olga,Martinez,False,False,False,add
132044218,user_9354,Olga,Anderson,False,False,False,add
955103310,,Chris,Jones,True,False,False,add
606126332,user_7956,Lisa,Hernandez,False,False,False,add
986494757,user_2595,Irina,,False,False,False,add
942967452,user_1787,Mark,,False,False,False,add
742979395,user_9694,Mark,,False,False,False,add
370924863,user_9068,Irina,Williams,False,False,False,add
236993437,user_5729,Sofia,,True,False,False,add
173990965,user_6163,Anna,,False,False,False,add
893496872,user_5208,Steve,,False,False,False,add
483255255,,Steve,Martinez,False,False,False,add
548232607,,William,Martinez,False,False,False,add
269494231,,Mark,Taylor,True,False,False,add
883966753,user_5132,Diana,Gonzalez,False,False,False,add
243263988,user_1343,Peter,Thompson,False,False,False,add
926012525,user_5019,Daniel,Jones,False,False,False,add
840396262,user_2447,Irina,Thompson,False,False,False,add
569727337,user_9372,Lisa,Smith,False,False,False,add
287712943,user_8355,Paul,,True,False,False,add
568146453,user_9099,Jack,Miller,False,False,False,add
883065502,,David,,False,False,False,add
852380473,,William,Perez,False,False,False,add
396561245,user_6542,Anna,,False,False,False,add
397356437,user_9525,Sofia,,True,False,False,add
302360290,user_5070,Alex,Thomas,True,False,False,add
509503606,user_1079,Olga,,False,False,False,add
600041517,user_7030,Mark,Moore,False,False,False,add
999737480,user_7024,Irina,Miller,False,False,False,add
550397177,user_5328,Natasha,,False,False,False,add
637112321,user_1700,Alex,,False,False,False,add
288155154,user_6895,David,Lopez,False,False,False,add
701730210,user_6765,Robert,Thompson,False,False,False,add
348637819,user_7100,Natasha,,False,False,False,add
324062688,,Chris,,False,False,False,add
848712512,user_9219,James,,False,False,False,add
880292803,user_2361,Irina,,False,False,False,add
535551124,user_9021,Alex,,False,False,False,add
477453440,,Irina,,False,False,False,add
862967295,user_2372,James,,False,False,False,add
690889621,user_6828,Sofia,,False,False,False,add
960496258,user_1502,Olga,Jackson,False,False,False,add
777568687,,Anna,Wilson,False,False,False,add
201105122,,Chris,,False,False,False,add
473222435,user_6354,Maria,,False,False,False,add
378334426,user_7021,Natasha,,False,False,False,add
784761793,user_6226,Lisa,,True,False,False,add
654832267,user_3856,Peter,Moore,False,False,False,add
827342684,,Olga,Lopez,False,False,False,add
994541440,user_6690,Alex,,False,False,False,add
355388052,,Olga,,True,False,False,add
166057698,user_6721,Steve,Garcia,False,False,False,add
444238678,user_3801,William,,False,False,False,add
286481496,user_1385,Paul,Taylor,False,False,False,add
967995006,user_4481,Maria,Martin,True,False,False,add
660886137,,Paul,,False,False,False,add
491778391,user_4798,Jack,Garcia,False,False,False,add
581106373,,Jack,,False,False,False,add
851472904,,James,Smith,False,False,False,add
841979201,user_3721,Olga,Thompson,False,False,False,add
234760080,user_8749,Diana,Garcia,False,False,False,add
997258301,user_8158,Alex,Jones,False,False,False,add
134521333,,Emma,Smith,False,False,False,add
530731989,user_9943,Diana,Wilson,False,False,False,add
433644030,user_1740,Julia,Hernandez,False,False,False,add
238435839,,Peter,Miller,False,False,False,add
442885478,user_9804,Michael,,False,False,False,add
493312042,,Alex,Brown,False,False,False,add
230840722,user_7038,Lisa,,True,False,False,add
109353924,user_2908,Maria,,True,False,False,add
412358491,user_3259,Anna,,False,False,False,add
448769116,,Chris,Lee,False,False,False,add
636865555,user_6401,Elena,,False,False,False,add
939979860,,Michael,Martinez,False,False,False,add
187683202,user_4106,Sofia,Davis,False,False,False,add
452653924,,Irina,,False,False,False,add
736573226,user_5577,Daniel,Taylor,True,False,False,add
982777532,user_7107,Irina,,False,False,False,add
428675026,user_4240,Julia,Davis,False,False,False,add
237990302,user_7703,Robert,Gonzalez,True,False,False,add
925847736,,Sofia,Gonzalez,False,False,False,add
247085591,,John,Johnson,False,False,False,add
689343982,user_5860,John,Martin,False,False,False,add
915841772,user_6871,Alex,,False,False,False,add
733563600,user_4545,Peter,Anderson,False,False,False,add
953060596,,Daniel,,False,False,False,add
436955507,user_3771,John,Thomas,False,False,False,add
648297582,user_4490,Nina,Martin,False,False,False,add
808883301,,William,,True,False,False,add
142050542,,Jack,Rodriguez,False,False,False,add
591308747,,Elena,,False,False,False,add
493772809,user_8269,Nina,Davis,False,False,False,add
735230720,user_5262,Mark,,False,False,False,add
993708071,user_7734,Daniel,Brown,True,False,False,add
435341195,,Victoria,,True,False,False,add
403383353,user_2452,Sofia,Brown,True,False,False,add
719950930,user_7057,David,Lee,False,False,False,add
324847356,user_8669,Chris,,True,False,False,add
588236970,user_4296,Irina,,True,False,False,add
402573199,user_6255,Jack,,True,False,False,add
205805885,user_3092,Natasha,,False,False,False,add
624103526,,Tom,,False,False,False,add
943829938,user_7381,Nina,,False,False,False,add
426178416,user_7201,Irina,,False,False,False,add
231212713,user_3177,Alex,Perez,False,False,False,add
918563497,user_5213,Elena,,True,False,False,add
567591959,user_6337,Emma,Lee,False,False,False,add
668329139,user_9984,Chris,,False,False,False,add
136718797,,Sofia,,False,False,False,add
989134261,user_4738,Emma,,False,False,False,add
971258680,,Chris,Lopez,False,False,False,add
201040644,,Emma,Thomas,False,False,False,add
483702038,,David,,False,False,False,add
796319422,user_5066,Maria,,True,False,False,add
736367803,,James,,False,False,False,add
762412649,user_4140,James,,False,False,False,add
493382184,user_3959,Steve,Garcia,False,False,False,add
166496330,,Alex,Garcia,False,False,False,add
529119463,user_3428,Alex,Johnson,False,False,False,add
106081209,user_6434,James,,False,False,False,add
285501630,,Daniel,,False,False,False,add
496402327,user_1401,Diana,,False,False,False,add
533770720,user_3219,Kate,,False,False,False,add
799437711,user_2404,Maria,Martinez,True,False,False,add
930124911,,Peter,,False,False,False,add
418044963,user_1895,Anna,,True,False,False,add
797469454,user_7480,Diana,,False,False,False,add
659227177,user_2930,Olga,Taylor,True,False,False,add
500389571,user_7684,David,,False,False,False,add
958265080,user_1359,Victoria,,False,False,False,add
236173225,,Maria,,False,False,False,add
103036211,user_4664,Irina,,True,False,False,add
629358681,,Lisa,Brown,False,False,False,add
365912807,,Steve,Davis,True,False,False,add
191312548,,Steve,Lopez,False,False,False,add
637619775,user_4423,Victoria,,False,False,False,add
958720787,user_4414,Peter,,False,False,False,add
489645511,,Sofia,Williams,False,False,False,add
735373612,user_6070,Steve,Jackson,False,False,False,add
367239010,user_8122,Eva,,False,False,False,add
655214580,user_1742,Julia,White,False,False,False,add
796461632,,John,,False,False,False,add
192765127,user_4326,Victoria,,False,False,False,add
969055120,,Nina,,False,False,False,add
209971482,user_7393,Olga,,False,False,False,add
869714687,user_3145,Daniel,Taylor,False,False,False,add
846576016,user_1515,Irina,Garcia,False,False,False,add
611503288,,Nina,Lopez,False,False,False,add
977611921,,Eva,,True,False,False,add
113669298,user_6831,Daniel,Martin,False,False,False,add
227372488,,Olga,,False,False,False,add
631421944,user_9526,Julia,Garcia,False,False,False,add
790480415,,Irina,,False,False,False,add
731315282,user_3561,Steve,Garcia,False,False,False,add
785435831,user_2494,Anna,,False,False,False,add
223107631,,Natasha,Anderson,True,False,False,add
991435551,user_9084,Eva,,False,False,False,add
833397882,,Maria,,False,False,False,add
454728761,user_2646,Jack,Jackson,True,False,False,add
445784544,user_2053,James,Gonzalez,False,False,False,add
420099137,,Tom,Wilson,False,False,False,add
376324690,,Sofia,,True,False,False,add
138820162,user_7926,Victoria,Lopez,False,False,False,add
590603486,user_6355,Maria,,False,False,False,add
513446026,user_9427,Mark,Martin,False,False,False,add
281085618,user_1603,Maria,Jones,False,False,False,add
564297729,,Olga,,False,False,False,add
264525163,user_9751,David,Martinez,False,False,False,add
906025414,user_9501,Victoria,Lee,False,False,False,add
795103307,user_5625,Chris,,False,False,False,add
911563736,user_8352,Lisa,Smith,False,False,False,add
534452866,user_8544,Lisa,Williams,True,False,False,add
945759766,,Diana,,False,False,False,add
305678587,user_9089,Nina,Anderson,False,False,False,add
112125677,user_3779,Michael,Garcia,False,False,False,add
961870369,user_7103,Kate,,False,False,False,add
649313486,,Alex,Anderson,True,False,False,add
375778561,user_7193,Natasha,Thomas,False,False,False,add
881830611,user_7087,Emma,Perez,False,False,False,add
979410994,,Nina,,False,False,False,add
943446279,user_4843,Sofia,,False,False,False,add
190776330,user_8681,Daniel,Gonzalez,False,False,False,add
243693640,,Julia,Lopez,False,False,False,add
871261063,,Emma,Rodriguez,False,False,False,add
373752921,user_7321,Tom,,True,False,False,add
941431768,user_6508,Natasha,,False,False,False,add
193472456,user_7657,Natasha,Wilson,False,False,False,add
882271828,user_1344,Natasha,,False,False,False,add
831831451,user_1509,Kate,,False,False,False,add
510086132,user_8064,Nina,White,False,False,False,add
950455539,user_8078,William,Williams,False,False,False,add
719036603,,Chris,Martin,False,False,False,add
883705830,user_3116,Diana,,False,False,False,add
189279936,user_5486,Natasha,Anderson,False,False,False,add
668285745,user_3561,Victoria,Brown,False,False,False,add
822196550,user_6737,Eva,Wilson,False,False,False,add
416840251,,Sofia,,False,False,False,add
744735796,,Alex,Moore,False,False,False,add
651576601,user_4168,Irina,Rodriguez,False,False,False,add
171738786,user_5284,Daniel,,True,False,False,add
514735296,user_3899,Olga,Anderson,False,False,False,add
795991124,user_6692,Jack,,False,False,False,add
104815267,user_4849,William,,True,False,False,add
754889417,user_1190,Emma,Perez,False,False,False,add
484747523,,Jack,,False,False,False,add
533806961,user_1745,Kate,Thomas,False,False,False,add
442000607,user_6451,Emma,Brown,False,False,False,add
313678162,user_9368,David,White,False,False,False,add
647017153,,Michael,Hernandez,False,False,False,add
193476730,user_9254,Lisa,,True,False,False,add
887854239,,James,Jones,False,False,False,add
874584415,,Irina,,False,False,False,add
175182636,user_3946,Natasha,,True,False,False,add
457249296,user_2367,Elena,,False,False,False,add
362159749,,Kate,Thomas,True,False,False,add
611841121,,Victoria,,True,False,False,add
336189282,user_2459,William,,False,False,False,add
813775549,user_3722,Anna,Lopez,True,False,False,add
778556562,user_7403,Michael,Thomas,False,False,False,add
301367082,user_8617,Alex,,False,False,False,add
382999471,user_5368,David,Gonzalez,False,False,False,add
935272241,user_7069,Paul,Anderson,False,False,False,add
730296357,,Irina,Garcia,False,False,False,add
419544861,user_1461,Michael,,False,False,False,add
545181341,user_1016,Elena,,False,False,False,add
552751907,user_8663,Olga,Smith,False,False,False,add
367576543,user_2413,Kate,Thomas,False,False,False,add
119923703,,John,Brown,False,False,False,add
877667550,user_8362,Paul,Miller,False,False,False,add
186626829,user_5379,Daniel,Perez,True,False,False,add
757393065,user_4449,James,Wilson,False,False,False,add
321950762,user_7124,Peter,Johnson,False,False,False,add
345889737,user_1718,Alex,,True,False,False,add
520545068,,John,Thompson,True,False,False,add
998486917,,Elena,Gonzalez,True,False,False,add
280252242,,Peter,White,True,False,False,add
970588352,user_5551,Peter,Jackson,False,False,False,add
697059790,user_3512,Chris,,True,False,False,add
407805263,user_6084,Julia,Taylor,False,False,False,add
884874417,user_5111,Diana,,False,False,False,add
452564452,user_9674,Maria,,False,False,False,add
665507179,user_6535,Lisa,,False,False,False,add
599727308,,Emma,,False,False,False,add
617163778,,Daniel,Moore,False,False,False,add
810748787,,Olga,,False,False,False,add
318118232,user_4852,Chris,,True,False,False,add
644568666,user_7184,Sofia,Jackson,False,False,False,add
477681304,user_2329,Alex,Johnson,False,False,False,add
708712640,user_4500,Paul,,False,False,False,add
370080467,user_1160,Chris,White,False,False,False,add
368002952,user_5426,James,Moore,False,False,False,add
192925031,user_4089,Emma,,True,False,False,add
891142384,user_9504,Olga,,False,False,False,add
207007585,,Anna,Lee,False,False,False,add
589622212,user_7285,Diana,White,False,False,False,add
331533561,user_4981,Lisa,,False,False,False,add
892275209,user_1892,Diana,Moore,False,False,False,add
236536188,user_1448,David,Garcia,False,False,False,add
366182503,user_4504,Elena,,False,False,False,add
686851422,user_5091,Nina,,False,False,False,add
841880407,user_1703,Natasha,Moore,False,False,False,add
446989835,user_5912,James,Garcia,False,False,False,add
994871581,user_2088,Emma,Lopez,False,False,False,add
170675055,user_8064,Alex,,False,False,False,add
236952613,,James,,True,False,False,add
832860164,user_1425,Olga,Thompson,False,False,False,add
118534784,,Eva,White,True,False,False,add
636808911,user_2109,William,Thomas,False,False,False,add
944903428,user_4462,Mark,Smith,False,False,False,add
814948939,user_6755,Tom,Hernandez,False,False,False,add
283403372,user_9466,Paul,,False,False,False,add
260743083,user_6763,Jack,Lee,False,False,False,add
841222948,,Daniel,,False,False,False,add
737990430,user_8851,Elena,,True,False,False,add
133988087,user_4561,Elena,,False,False,False,add
900577281,,Michael,,False,False,False,add
777155271,user_2601,Kate,,False,False,False,add
521075906,user_4405,Olga,Wilson,False,False,False,add
961561046,user_8210,Diana,Jones,False,False,False,add
779519086,user_9384,Diana,Davis,False,False,False,add
891531145,user_8938,David,Smith,False,False,False,add
200335386,user_3861,Irina,,False,False,False,add
383477014,user_7284,James,,False,False,False,add
834922231,user_3834,Robert,,False,False,False,add
356102140,,James,,False,False,False,add
812094449,user_3065,Michael,Hernandez,False,False,False,add
365539948,,Victoria,,False,False,False,add
769897155,user_7538,Anna,Lee,False,False,False,add
443568200,,David,Lee,False,False,False,add
718692551,user_3869,Natasha,,False,False,False,add
184336683,,Natasha,Martinez,False,False,False,add
722159130,user_5733,Anna,Thomas,False,False,False,add
653046651,user_8892,Maria,,False,False,False,add
783268057,user_7817,Maria,Rodriguez,False,False,False,add
103134638,user_1373,Michael,Jackson,True,False,False,add
254181261,user_9186,Daniel,Lopez,False,False,False,add
857459595,,Irina,Miller,False,False,False,add
833420019,user_6035,Sofia,Davis,False,False,False,add
952430677,user_5278,Robert,,False,False,False,add
173455168,,Maria,,False,False,False,add
425893501,user_8817,William,Martinez,False,False,False,add
231998298,,Olga,,False,False,False,add
919154792,,Peter,,False,False,False,add
436805639,user_4559,Robert,,False,False,False,add
406737513,user_6865,Kate,Jackson,False,False,False,add
817415058,user_4869,William,Thompson,False,False,False,add
306184163,user_1505,James,,False,False,False,add
940736932,,Diana,Martinez,False,False,False,add
898421746,user_5307,Anna,,False,False,False,add
750181671,user_1859,Natasha,Davis,False,False,False,add
423707741,user_7636,Olga,Miller,False,False,False,add
209832399,,Irina,,False,False,False,add
409503588,,James,,True,False,False,add
978356108,user_5733,Emma,Moore,False,False,False,add
695554339,,Peter,Brown,False,False,False,add
168329918,user_1945,David,,False,False,False,add
486853584,user_2296,Jack,Wilson,False,False,False,add
480869529,user_5967,Jack,,False,False,False,add
599949289,user_4862,Lisa,,True,False,False,add
876956469,,Irina,Martinez,False,False,False,add
847614529,user_6712,Julia,,True,False,False,add
500741914,user_7278,Jack,,False,False,False,add
729479810,,Robert,Johnson,False,False,False,add
988717592,,Anna,,True,False,False,add
753172983,user_9559,Natasha,,False,False,False,add
403108293,,Sofia,,False,False,False,add
549051085,user_2516,John,,False,False,False,add
708788835,user_1095,Olga,,False,False,False,add
585604179,,Emma,,False,False,False,add
236444094,user_3644,Steve,Hernandez,True,False,False,add
740696310,user_3496,Nina,,False,False,False,add
736780947,user_5071,Jack,,False,False,False,add
983039558,,Michael,,False,False,False,add
804519923,,Jack,,False,False,False,add
209597061,user_6329,Michael,,False,False,False,add
748945119,,Paul,,False,False,False,add
510447332,,William,,False,False,False,add
554074849,,Chris,,False,False,False,add
807957600,user_7541,Steve,,False,False,False,add
750437240,user_3806,Robert,,False,False,False,add
668850434,user_6200,Nina,Garcia,False,False,False,add
755951176,,Daniel,,False,False,False,add
872775666,user_1593,Paul,Johnson,False,False,False,add
772729251,,Diana,,False,False,False,add
825963907,,John,,False,False,False,add
409813353,user_5052,Mark,,False,False,False,add
246667745,,Irina,,False,False,False,add
756969496,user_7739,Kate,Thompson,False,False,False,add
127798497,user_8951,Mark,,False,False,False,add
273185830,user_3217,Alex,Thompson,True,False,False,add
877087078,user_3632,Maria,Martinez,True,False,False,add
747303702,user_9059,Emma,,False,False,False,add
770266572,user_6341,Nina,,False,False,False,add
187771538,user_3318,Maria,Wilson,False,False,False,add
909229391,user_2265,Olga,,False,False,False,add
522081144,user_3338,Daniel,Thompson,False,False,False,add
949505596,user_9824,Alex,,False,False,False,add
527053369,user_2244,Victoria,,True,False,False,add
676386500,user_4090,David,Moore,False,False,False,add
833321246,,Olga,Hernandez,False,False,False,add
204376161,user_3298,Peter,,True,False,False,add
940944577,user_9424,Julia,,False,False,False,add
396876846,,Michael,,False,False,False,add
264138216,user_4710,Maria,Lee,True,False,False,add
885117549,user_9219,Elena,,False,False,False,add
990321012,user_5602,Lisa,,False,False,False,add
278153873,,Natasha,,False,False,False,add
863386956,user_8636,Daniel,,False,False,False,add
859044708,user_8318,Natasha,,False,False,False,add
544922470,user_5903,Steve,Martin,False,False,False,add
287102082,user_1943,Maria,,False,False,False,add
352182517,user_2368,Mark,Wilson,False,False,False,add
686805123,user_8062,Irina,,True,False,False,add
396745259,,Paul,,False,False,False,add
479649642,user_9101,Anna,Thomas,False,False,False,add
836925868,user_9886,Julia,,False,False,False,add
326768957,user_3980,Maria,,False,False,False,add
757328978,,Diana,,False,False,False,add
770908618,,Chris,Brown,False,False,False,add
275336386,user_8006,Anna,,False,False,False,add
912973587,user_3264,Chris,,True,False,False,add
401021311,user_2242,Emma,,True,False,False,add
386285722,user_3419,Natasha,,False,False,False,add
226348485,,Emma,,False,False,False,add
242394200,,Emma,Lee,False,False,False,add
840418207,,Tom,,False,False,False,add
922107871,user_6974,Paul,,False,False,False,add
988537632,user_8685,Michael,,False,False,False,add
320855891,user_3383,Alex,Williams,False,False,False,add
746949417,user_3141,Elena,,False,False,False,add
290631951,,Alex,,False,False,False,add
536296065,user_4210,Emma,,False,False,False,add
311679877,,Irina,,True,False,False,add
787274166,,Elena,,False,False,False,add
257366803,,Peter,Martinez,False,False,False,add
308349399,user_3459,Paul,Davis,False,False,False,add
814284577,user_1653,Daniel,Williams,False,False,False,add
915443172,user_7966,Lisa,,True,False,False,add
305245237,user_5934,Peter,Moore,False,False,False,add
274742471,user_5987,Kate,,False,False,False,add
573539737,user_6725,William,,False,False,False,add
553674682,user_3581,Diana,,False,False,False,add
560674806,,Julia,,False,False,False,add
911042348,,Michael,Rodriguez,True,False,False,add
621942987,,Jack,,False,False,False,add
934610178,user_9461,Lisa,,False,False,False,add
892662246,,Olga,,False,False,False,add
187524648,user_5082,Maria,,False,False,False,add
111370352,user_7111,Chris,Lopez,False,False,False,add
766425719,user_4214,Sofia,Davis,False,False,False,add
565645947,user_7955,Chris,Davis,False,False,False,add
614433364,user_4485,Elena,Garcia,False,False,False,add
853444364,user_2652,Elena,,True,False,False,add
571176056,,Diana,,True,False,False,add
141743321,user_8529,Natasha,Taylor,False,False,False,add
812833664,user_7872,Robert,,False,False,False,add
935441435,user_8366,Eva,,False,False,False,add
675916081,user_9003,Irina,Lopez,False,False,False,add
145889286,user_5143,Eva,Rodriguez,False,False,False,add
841885821,,Michael,,True,False,False,add
316749709,user_2107,Diana,Rodriguez,False,False,False,add
586568637,,Chris,Rodriguez,False,False,False,add
467326095,user_1283,Mark,,False,False,False,add
363004819,user_4897,Paul,,True,False,False,add
597021944,,Nina,Jackson,False,False,False,add
909816912,,Irina,White,False,False,False,add
430006528,user_9979,Victoria,,False,False,False,add
411472211,user_8896,Chris,,False,False,False,add
161074439,user_6248,Natasha,,False,False,False,add
714609926,,Sofia,,False,False,False,add
644356082,,Emma,,False,False,False,add
669632932,user_9239,Maria,Perez,False,False,False,add
574830072,,Eva,,True,False,False,add
319815849,,Tom,Thomas,False,False,False,add
246377628,user_1902,Daniel,Garcia,False,False,False,add
211932542,user_1734,Tom,,True,False,False,add
660133746,user_3510,Irina,Thompson,False,False,False,add
203057278,user_6127,Michael,Lee,False,False,False,add
398383330,user_9747,Victoria,Thomas,True,False,False,add
166385294,user_3474,Olga,Thompson,True,False,False,add
252051145,user_3926,Mark,Thomas,False,False,False,add
238082290,user_8467,Mark,Garcia,False,False,False,add
558064219,,Emma,,False,False,False,add
710966857,,Sofia,Garcia,False,False,False,add
818052462,,Alex,Johnson,False,False,False,add
183398457,user_8844,Kate,White,False,False,False,add
542123591,,Kate,,False,False,False,add
200303082,user_8511,Chris,,False,False,False,add
279914121,user_6487,Emma,Williams,False,False,False,add
777237390,user_5587,David,Jones,False,False,False,add
493743750,,Alex,,False,False,False,add
947836111,user_4308,Alex,Anderson,False,False,False,add
236369210,user_5103,Daniel,,False,False,False,add
782265519,user_8859,James,Jackson,False,False,False,add
296469745,,Maria,,False,False,False,add
335138267,,Alex,Perez,False,False,False,add
726198470,,William,,False,False,False,add
190283443,,Elena,Martin,True,False,False,add
303971693,user_1215,Alex,,True,False,False,add
351113145,,Emma,Smith,False,False,False,add
985994002,user_5226,Chris,,False,False,False,add
282105223,user_4481,James,Rodriguez,False,False,False,add
741258157,user_5848,Mark,Martinez,False,False,False,add
362483741,,Natasha,,False,False,False,add
802431528,user_6234,James,Martinez,False,False,False,add
856717732,,Kate,,False,False,False,add
407240746,user_3242,Natasha,,False,False,False,add
534607294,user_5417,Alex,,False,False,False,add
306973924,,John,Brown,False,False,False,add
563573302,,Nina,,False,False,False,add
686619199,user_3116,Mark,Davis,False,False,False,add
150000189,user_4736,Maria,,False,False,False,add
181810451,user_4296,Irina,,True,False,False,add
354484211,,Chris,Smith,False,False,False,add
548237376,user_9576,Daniel,White,False,False,False,add
322330340,,Tom,,False,False,False,add
719029391,user_4162,William,Martin,False,False,False,add
269573664,user_4864,Peter,Wilson,False,False,False,add
928331852,user_4590,Chris,Brown,False,False,False,add
648935822,,Irina,Brown,True,False,False,add
896273423,user_8891,James,Davis,False,False,False,add
326446662,,Natasha,Smith,False,False,False,add
326065626,,Paul,Anderson,False,False,False,add
446733083,user_8103,Steve,Martin,False,False,False,add
781178273,user_8605,Victoria,Martin,False,False,False,add
436625909,,William,Martinez,False,False,False,add
836735399,user_6450,Peter,,False,False,False,add
471522826,user_8808,Jack,Taylor,True,False,False,add
145105106,user_5472,Michael,,False,False,False,add
431832591,user_7252,Nina,Martinez,False,False,False,add
467341995,user_2366,Robert,Perez,False,False,False,add
259111068,,Kate,,False,False,False,add
689349960,user_8724,Peter,Anderson,False,False,False,add
960711180,user_4760,Emma,Moore,False,False,False,add
863094696,user_7468,Julia,,False,False,False,add
726648084,,Alex,,False,False,False,add
590071850,user_7404,Nina,Martinez,False,False,False,add
301044961,user_7851,Jack,,False,False,False,add
133990292,user_1743,Alex,Moore,False,False,False,add
569708395,user_2967,Peter,Thomas,False,False,False,add
558209433,user_7019,Mark,,False,False,False,add
860486195,user_1962,Tom,,False,False,False,add
887930538,user_5086,Paul,,False,False,False,add
567315688,user_5528,Maria,Smith,False,False,False,add
925107851,user_9416,Diana,,False,False,False,add
953086327,user_4736,Diana,,False,False,False,add
638373662,,Mark,Martin,True,False,False,add
837960350,user_5928,David,,True,False,False,add
622928033,,Paul,,False,False,False,add
365246859,,Olga,,True,False,False,add
102116443,user_1957,Alex,,False,False,False,add
539373325,,Steve,,True,False,False,add
512269217,,Daniel,,False,False,False,add
510294341,user_6826,John,Lopez,True,False,False,add
953817005,,Olga,,False,False,False,add
784682417,user_1883,Nina,,False,False,False,add
993950083,,Olga,,False,False,False,add
339805687,user_9602,Robert,,False,False,False,add
107360904,user_5732,Daniel,Martin,False,False,False,add
341209717,user_6434,John,Hernandez,False,False,False,add
252020152,,James,,False,False,False,add
325402284,user_9541,Elena,Martinez,False,False,False,add
973649395,user_4353,Elena,Brown,False,False,False,add
332109232,user_8002,Lisa,,False,False,False,add
993770572,user_6375,Olga,Thomas,False,False,False,add
459807688,user_9152,Maria,,True,False,False,add
845027386,user_5486,Robert,Martinez,True,False,False,add
219252264,user_8039,Michael,,False,False,False,add
692490153,user_4172,John,Gonzalez,False,False,False,add
825220114,user_5639,Steve,,False,False,False,add
527328372,user_2996,Diana,Wilson,True,False,False,add
147684514,user_3048,Mark,,False,False,False,add
263669031,,Peter,Smith,False,False,False,add
706461442,user_8366,Daniel,Rodriguez,False,False,False,add
415423426,user_2840,William,Williams,False,False,False,add
875694244,user_2606,Maria,Smith,True,False,False,add
142483531,user_7439,Eva,,False,False,False,add
492610520,user_9010,Michael,Miller,True,False,False,add
640134776,,Mark,Jackson,True,False,False,add
964938543,,Chris,,False,False,False,add
929089464,user_9472,Emma,,False,False,False,add
194256815,user_6975,Michael,Gonzalez,False,False,False,add
256827027,,Robert,Brown,False,False,False,add
914326200,user_5348,Kate,Miller,False,False,False,add
236936790,user_5017,Mark,,False,False,False,add
404304018,,Sofia,,False,False,False,add
888823497,user_9125,Natasha,Brown,False,False,False,add
922382883,user_2790,David,Williams,False,False,False,add
286740367,user_8748,Robert,,False,False,False,add
703586467,user_4970,Sofia,Brown,False,False,False,add
340146467,user_9696,Diana,Hernandez,True,False,False,add
201506168,user_7166,Michael,,False,False,False,add
817279532,user_6622,Steve,Johnson,False,False,False,add
195709014,user_7832,Kate,,False,False,False,add
254219920,,Paul,,False,False,False,add
765702263,user_5562,Alex,,False,False,False,add
432679063,,Nina,Thomas,False,False,False,add
473434910,,William,,False,False,False,add
973494125,user_7078,Nina,,False,False,False,add
474901055,user_9144,Paul,Brown,False,False,False,add
403022536,user_7180,Alex,Brown,False,False,False,add
950205042,,Paul,,False,False,False,add
830160282,user_4978,Steve,,False,False,False,add
459901883,user_1372,Chris,,False,False,False,add
221258609,,Elena,,False,False,False,add
548315361,,Mark,,False,False,False,add
906483715,user_4501,Natasha,Thomas,False,False,False,add
614835208,,Olga,,False,False,False,add
754558523,user_4938,Sofia,,False,False,False,add
726162659,user_1649,Irina,,False,False,False,add
122983833,user_1432,Mark,Johnson,False,False,False,add
958713845,user_7390,John,Anderson,False,False,False,add
157342733,user_5623,Julia,,False,False,False,add
222872745,,Diana,,False,False,False,add
175717755,user_7151,Jack,Williams,False,False,False,add
444495561,user_7731,Robert,Garcia,True,False,False,add
272239953,user_4752,Kate,,False,False,False,add
597141216,,Chris,Johnson,False,False,False,add
161038231,user_5304,Alex,Hernandez,False,False,False,add
205226317,,John,,True,False,False,add
843265768,user_8653,Chris,White,True,False,False,add
917057420,user_7834,Maria,Wilson,True,False,False,add
548673942,user_2530,Steve,,False,False,False,add
638262923,user_8996,Olga,,False,False,False,add
547431218,user_9318,Emma,,False,False,False,add
438596694,,Victoria,Moore,False,False,False,add
280759003,,Lisa,,False,False,False,add
877826044,,Sofia,Taylor,False,False,False,add
905954441,user_4639,Julia,,False,False,False,add
924683836,user_7573,Robert,,False,False,False,add
501759938,user_8144,Alex,,False,False,False,add
168041504,user_5306,Alex,,False,False,False,add
933943164,,Paul,,False,False,False,add
607330323,,Kate,Jones,False,False,False,add
606240254,,William,,False,False,False,add
612725738,user_2689,Maria,Lee,False,False,False,add
734987960,,Alex,,False,False,False,add
704905304,user_1843,Daniel,Perez,False,False,False,add
888422523,,Peter,Garcia,False,False,False,add
871637738,user_8572,David,Jackson,False,False,False,add
976568211,user_2874,Peter,,True,False,False,add
236842380,,Maria,,False,False,False,add
499104716,user_8040,Emma,,False,False,False,add
177367310,user_3596,Anna,Jackson,False,False,False,add
889277792,,David,Thomas,False,False,False,add
640451787,user_6840,Emma,,False,False,False,add
328929729,user_5088,Victoria,Brown,False,False,False,add
936074446,user_3133,Jack,Brown,False,False,False,add
192595844,user_4005,Steve,,False,False,False,add
202285705,user_3570,Anna,,False,False,False,add
513919251,user_7165,Irina,Anderson,False,False,False,add
827951432,,Peter,,False,False,False,add
372511318,user_4837,Steve,Brown,False,False,False,add
221298930,,Peter,Williams,False,False,False,add
220020888,,Natasha,Wilson,False,False,False,add
498519016,,Robert,,False,False,False,add
485910277,user_1698,Jack,Miller,True,False,False,add
267404723,user_4919,Nina,,False,False,False,add
341416743,,Elena,White,False,False,False,add
722460834,,Peter,Thompson,True,False,False,add
360682518,user_5863,Robert,White,False,False,False,add
128798124,,Paul,Miller,False,False,False,add
560323006,user_5977,Alex,,False,False,False,add
542943099,user_8315,Lisa,,False,False,False,add
646821347,user_4987,Nina,,False,False,False,add
818416095,user_7594,Natasha,,False,False,False,add
245166001,user_8354,Elena,,False,False,False,add
774464921,user_4216,Lisa,White,False,False,False,add
181162360,user_5950,Elena,,False,False,False,add
557538600,user_7261,Robert,Thomas,False,False,False,add
397878645,user_8205,Elena,White,False,False,False,add
414271571,,Mark,,False,False,False,add
909435690,user_9446,David,,False,False,False,add
769892689,user_2930,Sofia,,False,False,False,add
847246565,user_6318,Irina,Anderson,False,False,False,add
370162038,user_1164,Irina,,False,False,False,add
522311943,user_2209,Olga,Thompson,False,False,False,add
441480430,user_4763,Sofia,Williams,False,False,False,add
116869304,user_6535,Eva,Martinez,False,False,False,add
545779373,,Olga,,False,False,False,add
454708930,user_6646,Elena,,False,False,False,add
682251186,user_9853,Julia,Williams,False,False,False,add
532051356,,Emma,,False,False,False,add
483230651,user_8332,Irina,,False,False,False,add
597316512,,Steve,,False,False,False,add
173902324,user_3519,William,Lopez,False,False,False,add
375340291,user_1031,Diana,,False,False,False,add
906164258,,Alex,,False,False,False,add
894708772,user_1999,Kate,Jones,False,False,False,add
376538361,,Emma,,False,False,False,add
136437578,,Anna,Rodriguez,True,False,False,add
471303636,user_1466,Julia,,False,False,False,add
803733511,user_8699,David,Lopez,False,False,False,add
283136288,user_1377,Anna,,False,False,False,add
242056548,,Daniel,,False,False,False,add
879582117,user_6501,Elena,,False,False,False,add
558094287,user_2859,Alex,,False,False,False,add
524607041,,Victoria,,False,False,False,add
920710636,,Steve,,False,False,False,add
414792722,user_3037,Anna,,False,False,False,add
164826771,user_5918,Julia,Smith,False,False,False,add
827998240,,Alex,,True,False,False,add
356750109,,Elena,,True,False,False,add
526177839,,Chris,,False,False,False,add
951503834,,Irina,Martin,False,False,False,add
930178186,user_6922,John,,False,False,False,add
857274210,user_2609,Elena,,False,False,False,add
340892514,user_4123,Anna,Taylor,False,False,False,add
792405947,,William,,False,False,False,add
941479896,user_2734,Olga,,False,False,False,add
361580306,user_3021,Diana,,True,False,False,add
155860439,user_6593,David,,False,False,False,add
460622521,,Maria,Anderson,False,False,False,add
851094688,user_6444,Victoria,,False,False,False,add
301502142,user_6437,Eva,Hernandez,False,False,False,add
362839878,,Eva,Anderson,False,False,False,add
553109790,user_2391,Peter,,False,False,False,add
498769660,user_2082,James,Taylor,False,False,False,add
687801225,,Anna,,False,False,False,add
235616075,user_5255,Emma,,False,False,False,add
437794333,user_5392,Victoria,Jones,False,False,False,add
891902063,user_9626,Julia,,False,False,False,add
209406719,,Elena,,False,False,False,add
817518864,user_3385,David,,False,False,False,add
181847496,user_9690,Jack,,True,False,False,add
545240081,,Diana,,False,False,False,add
246165450,user_7554,Paul,Thomas,False,False,False,add
867953474,user_7606,Peter,,True,False,False,add
623090847,,Paul,,True,False,False,add
755608356,user_5083,Eva,,False,False,False,add
100292454,user_6815,David,,False,False,False,add
684166139,user_3191,Victoria,,True,False,False,add
361377626,user_5514,Paul,Smith,True,False,False,add
265182689,user_6756,Alex,Lee,True,False,False,add
850708005,,Olga,,False,False,False,add
955753370,user_9920,Chris,Martin,True,False,False,add
387955665,user_9160,Maria,Gonzalez,False,False,False,add
295286641,user_7697,Alex,Thompson,False,False,False,add
128743322,user_6489,David,,False,False,False,add
638444691,,Eva,,False,False,False,add
380141252,,David,Williams,False,False,False,add
124060800,,Irina,Thomas,False,False,False,add
113076003,user_6748,Sofia,Thomas,False,False,False,add
716994395,,Victoria,,True,False,False,add
869541886,user_8707,Robert,White,False,False,False,add
218535983,user_8672,Natasha,Martinez,True,False,False,add
708546305,user_5550,Robert,Lee,False,False,False,add
954290222,user_4899,Michael,Garcia,False,False,False,add
921864646,,Robert,,False,False,False,add
347564728,user_8307,John,Miller,True,False,False,add
383410059,user_6434,Olga,Miller,False,False,False,add
877195504,user_7668,Robert,,False,False,False,add
928707426,,Anna,,True,False,False,add
414044428,user_6436,Elena,Wilson,False,False,False,add
167896139,user_6521,Natasha,Rodriguez,False,False,False,add
137102838,,Eva,,False,False,False,add
984121090,user_1899,Irina,,False,False,False,add
859884480,user_5518,Nina,,False,False,False,add
827910948,user_3393,John,,False,False,False,add
187770939,user_3374,Nina,,False,False,False,add
324312780,user_7990,Eva,Jones,True,False,False,add
199808651,user_2511,Alex,,False,False,False,add
308946564,user_7934,Chris,,True,False,False,add
849337422,user_3564,Anna,Williams,True,False,False,add
531182356,user_1114,Chris,Lee,False,False,False,add
351766323,user_4384,Steve,Davis,False,False,False,add
653746785,user_8952,Elena,,True,False,False,add
176377302,user_7563,Anna,,False,False,False,add
454631686,user_7325,Olga,Rodriguez,False,False,False,add
625674550,,Alex,,False,False,False,add
628961711,user_3781,Sofia,Lee,False,False,False,add
173669625,user_7038,Eva,,False,False,False,add
565990503,user_8423,Natasha,,False,False,False,add
604517656,user_5588,Tom,Martin,True,False,False,add
662233244,user_6073,Sofia,,False,False,False,add
325038920,user_8483,Michael,,False,False,False,add
761288821,user_1126,Jack,,False,False,False,add
605301293,user_3271,Eva,Brown,False,False,False,add
685124971,user_3346,Robert,Miller,False,False,False,add
117011760,user_8576,Nina,,False,False,False,add
470402733,user_3260,James,Jackson,False,False,False,add
419266569,,Maria,,True,False,False,add
732354051,user_8690,Julia,White,False,False,False,add
174655992,,Tom,,True,False,False,add
573514838,,Jack,,False,False,False,add
945546197,user_7582,Jack,Martinez,False,False,False,add
849217635,user_1673,David,Anderson,True,False,False,add
574081746,user_5037,Michael,Anderson,False,False,False,add
409733822,user_6116,John,Jackson,False,False,False,add
467894370,,Peter,,False,False,False,add
181479079,,Maria,Williams,True,False,False,add
477341086,user_7349,Peter,,False,False,False,add
256650934,,Chris,,False,False,False,add
469790833,user_4010,Victoria,Anderson,False,False,False,add
719519418,user_1148,Mark,,False,False,False,add
393384072,user_6046,Emma,,False,False,False,add
571017252,,Mark,,True,False,False,add
344428529,user_6963,David,,True,False,False,add
935995670,user_3349,Olga,Smith,True,False,False,add
857244381,,John,,False,False,False,add
641373741,user_8404,Victoria,Davis,False,False,False,add
130228143,user_8260,Tom,Davis,False,False,False,add
939007996,user_6230,Natasha,Thomas,False,False,False,add
109893973,user_8338,Lisa,Taylor,False,False,False,add
360263870,user_3904,Tom,Thompson,False,False,False,add
149471333,user_6813,Kate,,False,False,False,add
177874725,user_7805,Nina,Lee,False,False,False,add
228271293,user_3413,John,,True,False,False,add
809255442,,Steve,,False,False,False,add
623476053,user_1892,Maria,Smith,False,False,False,add
993934894,user_2098,Olga,Thomas,False,False,False,add
277234417,user_9244,James,Lopez,False,False,False,add
688536107,user_8633,Emma,Martinez,False,False,False,add
946413361,user_9522,Julia,,True,False,False,add
135993959,user_5228,Victoria,Davis,True,False,False,add
538734540,user_4799,Mark,Wilson,False,False,False,add
491704169,,Peter,,True,False,False,add
487058416,user_6514,Julia,,False,False,False,add
167111443,user_5276,Mark,,False,False,False,add
624628238,user_7372,Emma,Rodriguez,False,False,False,add
253518720,user_6673,Chris,,False,False,False,add
898720202,user_9685,James,Garcia,False,False,False,add
348775696,user_6878,Julia,Moore,False,False,False,add
125552340,user_8125,Victoria,Miller,False,False,False,add
485621076,user_3873,Peter,Johnson,False,False,False,add
940625363,user_1226,Steve,,False,False,False,add
425397863,user_4239,Maria,,False,False,False,add
186036533,user_4504,Jack,,False,False,False,add
502089713,user_8216,Elena,Hernandez,True,False,False,add
204845144,user_8467,John,,False,False,False,add
982716557,user_8587,Eva,,False,False,False,add
770792761,,Chris,Lopez,False,False,False,add
223629852,user_4245,Jack,Anderson,False,False,False,add
342750041,user_7292,Jack,,False,False,False,add
608992736,user_2248,Mark,,False,False,False,add
865611945,user_9184,Jack,Garcia,False,False,False,add
633362802,user_3587,Anna,,False,False,False,add
195211623,,Paul,Miller,False,False,False,add
631492573,,Steve,Brown,False,False,False,add
990826382,user_3721,David,,False,False,False,add
591936685,,Alex,Thompson,False,False,False,add
951221053,,Steve,Gonzalez,False,False,False,add
576658673,user_7730,Emma,Thompson,False,False,False,add
779185286,,Alex,,False,False,False,add
490588833,user_4453,Mark,Wilson,False,False,False,add
346078298,user_7794,Victoria,Gonzalez,False,False,False,add
735630524,,Julia,Jones,False,False,False,add
400492828,,Jack,,True,False,False,add
713881688,user_1340,Eva,Smith,False,False,False,add
209142822,user_9154,Michael,Martin,True,False,False,add
372021822,user_6893,Alex,Thomas,False,False,False,add
443639846,user_3701,Steve,Williams,False,False,False,add
815287250,,Natasha,,False,False,False,add
289586784,user_7801,Elena,,False,False,False,add
926436652,,Tom,,False,False,False,add
161190155,,Elena,Moore,False,False,False,add
180290802,user_4180,Natasha,Jackson,False,False,False,add
723135854,user_8312,Irina,Gonzalez,False,False,False,add
133478049,user_8361,Steve,,False,False,False,add
357416387,user_7976,Elena,,False,False,False,add
183350084,,Diana,Williams,True,False,False,add
701638919,user_8907,Chris,Miller,False,False,False,add
137683811,user_6991,Olga,Williams,False,False,False,add
367875702,user_8789,Tom,,False,False,False,add
558698700,user_2635,Nina,,False,False,False,add
622599778,user_1655,Mark,,False,False,False,add
333058688,user_1949,Olga,,False,False,False,add
662789388,user_7505,Julia,,False,False,False,add
860345204,user_4772,David,,False,False,False,add
423343886,user_6335,Tom,Gonzalez,False,False,False,add
644409287,user_6237,Lisa,Lee,False,False,False,add
988697921,,Robert,,False,False,False,add
608100590,,Chris,White,False,False,False,add
739757480,user_8208,Eva,Jackson,False,False,False,add
855858306,user_3146,Maria,Hernandez,False,False,False,add
159598179,,Robert,,False,False,False,add
340404913,,John,,False,False,False,add
907492230,user_3098,Maria,,False,False,False,add
508352792,user_9756,Irina,,False,False,False,add
117555329,user_6356,Julia,,True,False,False,add
625463025,user_6922,Steve,Martinez,False,False,False,add
671872475,user_3707,Irina,,True,False,False,add
944719303,user_3636,Victoria,Lopez,False,False,False,add
736751318,,Eva,Lee,False,False,False,add
561183390,,Eva,Smith,False,False,False,add
967429070,user_4096,Elena,Thompson,True,False,False,add
838677083,user_6317,Lisa,,False,False,False,add
222664620,user_2658,William,Davis,True,False,False,add
155011703,,David,,True,False,False,add
175022738,user_5200,Paul,,False,False,False,add
211766263,,Chris,Jones,False,False,False,add
133663322,user_8929,Michael,,False,False,False,add
182797307,,Natasha,,False,False,False,add
965823711,user_3550,Alex,,False,False,False,add
890641344,user_2299,William,,False,False,False,add
333702502,user_7409,Peter,Lopez,False,False,False,add
947841199,user_6298,David,,False,False,False,add
623134870,user_2765,Olga,,True,False,False,add
295699176,user_6928,Jack,,False,False,False,add
651002471,,Diana,,False,False,False,add
396310647,user_1746,James,,False,False,False,add
884494809,user_8841,Sofia,,False,False,False,add
438068448,,Maria,Miller,False,False,False,add
673362711,user_6790,Jack,Jackson,False,False,False,add
109035105,user_2547,Alex,Davis,False,False,False,add
953604809,user_2708,Michael,,False,False,False,add
459162079,user_8130,Jack,,False,False,False,add
442966528,user_3839,Maria,,False,False,False,add
362682614,user_2970,Chris,Rodriguez,False,False,False,add
996633892,,David,Thomas,False,False,False,add
801723798,user_5326,Alex,,False,False,False,add
555840559,,John,,False,False,False,add
245771216,user_1800,Sofia,,False,False,False,add
762515413,,Michael,,False,False,False,add
904633489,user_2327,Julia,Davis,False,False,False,add
105037487,,Victoria,Martinez,True,False,False,add
148140263,,Lisa,Johnson,False,False,False,add
880398388,user_1484,Robert,Martin,False,False,False,add
539110041,user_9080,Robert,Martinez,True,False,False,add
503058720,user_9958,Robert,,False,False,False,add
145655179,,Paul,Johnson,False,False,False,add
618536651,user_6214,Nina,,True,False,False,add
821254325,user_7731,Olga,Rodriguez,False,False,False,add
886307117,,Julia,,False,False,False,add
447656820,user_6738,James,Martin,False,False,False,add
781130267,,Peter,,False,False,False,add
489524880,user_1632,David,Jackson,False,False,False,add
594104120,user_3908,Irina,Rodriguez,False,False,False,add
212027930,,Lisa,,True,False,False,add
494272620,user_9379,Elena,,True,False,False,add
340327534,user_4296,Elena,White,False,False,False,add
804786561,,Alex,Lee,False,False,False,add
907328098,,Daniel,Williams,True,False,False,add
925536547,,Alex,Anderson,False,False,False,add
635804109,user_3682,Sofia,Thompson,False,False,False,add
525951905,user_6282,John,Thompson,False,False,False,add
887354783,user_6482,David,Lee,False,False,False,add
198056481,user_5284,Kate,,False,False,False,add
497289783,user_1108,Mark,,False,False,False,add
261701327,user_1537,Paul,Hernandez,False,False,False,add
829468767,user_9149,Robert,,False,False,False,add
477889852,,Irina,Hernandez,False,False,False,add
819828101,user_2715,Peter,Thomas,False,False,False,add
487922061,user_3115,Michael,Jackson,True,False,False,add
490674571,,Daniel,,False,False,False,add
975099010,user_1093,Victoria,,False,False,False,add
109364144,user_1719,Chris,Taylor,False,False,False,add
518210653,user_1580,Olga,Hernandez,False,False,False,add
611713754,user_2948,Chris,Jones,False,False,False,add
692706809,user_5537,Sofia,Jones,False,False,False,add
693058664,user_1492,Paul,Taylor,False,False,False,add
670669671,user_6906,Peter,Garcia,False,False,False,add
686731464,user_6018,Elena,Moore,False,False,False,add
581951386,,Peter,,False,False,False,add
361349762,,Robert,Anderson,False,False,False,add
918853267,user_6461,Anna,,False,False,False,add
625522194,user_5614,Lisa,Martinez,False,False,False,add
734710530,user_5094,William,Williams,False,False,False,add
437535433,user_8160,Robert,,False,False,False,add
334985100,user_8337,Irina,Johnson,False,False,False,add
422983103,,Alex,,False,False,False,add
840163123,user_1903,Nina,,False,False,False,add
582010448,user_8179,Tom,Wilson,False,False,False,add
606834714,,Robert,,True,False,False,add
257162818,user_8699,Paul,Garcia,False,False,False,add
410514859,user_7084,Julia,White,True,False,False,add
310540391,,Alex,,False,False,False,add
711369322,user_8255,Maria,,False,False,False,add
708274460,,Diana,Hernandez,False,False,False,add
302921401,,Steve,Williams,True,False,False,add
352391839,user_5807,Peter,Brown,False,False,False,add
861705718,,Daniel,,False,False,False,add
786441009,,Natasha,,False,False,False,add
751841711,user_9435,Elena,Hernandez,False,False,False,add
461412666,,Paul,,True,False,False,add
255175248,,Tom,Jackson,False,False,False,add
436538332,,Peter,Wilson,False,False,False,add
310039247,,Nina,Davis,False,False,False,add
642215347,user_6824,Paul,Perez,True,False,False,add
382478332,user_8072,Robert,,False,False,False,add
755160151,user_7785,Michael,,False,False,False,add
628407740,user_4274,Nina,,False,False,False,add
641596257,,Peter,Lopez,False,False,False,add
241762537,user_3604,Paul,,False,False,False,add
992978944,user_2440,Eva,Wilson,True,False,False,add
696639265,user_8349,Peter,,False,False,False,add
751051600,user_1510,Victoria,Perez,False,False,False,add
988144359,user_4524,Peter,Perez,False,False,False,add
716657503,user_7784,Anna,Wilson,False,False,False,add
855142596,user_1031,Julia,,False,False,False,add
320459456,user_7037,Elena,White,True,False,False,add
763863772,user_3641,Diana,Perez,True,False,False,add
456558027,,John,,True,False,False,add
991483073,user_8361,Olga,,False,False,False,add
106429853,user_7546,Chris,Brown,False,False,False,add
323278434,user_6047,David,,False,False,False,add
345005118,,Chris,Taylor,False,False,False,add
461952089,user_5053,Kate,Brown,False,False,False,add
397368260,,Elena,,False,False,False,add
339722725,user_3307,Paul,,False,False,False,add
473382727,user_1633,Eva,Thompson,False,False,False,add
998124112,user_1638,Steve,,False,False,False,add
900411671,user_5358,Irina,Miller,False,False,False,add
204427709,user_3337,Paul,,True,False,False,add
118658386,user_3550,Irina,Hernandez,True,False,False,add
601810988,,Tom,,False,False,False,add
537597626,user_1568,Victoria,Brown,True,False,False,add
861519030,user_7249,Anna,,False,False,False,add
269911415,user_4138,Tom,,False,False,False,add
567977527,user_2765,Nina,,False,False,False,add
822854830,,Olga,,False,False,False,add
425541962,user_1722,Robert,,True,False,False,add
311324447,,Daniel,Perez,False,False,False,add
662220333,user_8662,Lisa,,False,False,False,add
623330164,,Jack,,False,False,False,add
419669354,,Elena,Davis,True,False,False,add
618295653,user_4338,Natasha,,False,False,False,add
967066159,,Tom,,False,False,False,add
198155879,user_7874,Elena,Hernandez,False,False,False,add
126591455,user_5033,David,,False,False,False,add
727571674,user_1644,Alex,White,False,False,False,add
432807099,,Diana,Thomas,False,False,False,add
282381689,,Victoria,Miller,True,False,False,add
195725425,,Victoria,Brown,False,False,False,add
140292991,user_9986,Diana,Smith,False,False,False,add
160600057,user_4864,Maria,,False,False,False,add
418636175,user_8199,Eva,,False,False,False,add
902189008,,William,Martin,False,False,False,add
842363547,user_7304,Robert,,False,False,False,add
416941140,user_7490,Elena,Davis,False,False,False,add
642855153,user_9506,Nina,Martin,False,False,False,add
898903735,,Michael,Lopez,False,False,False,add
876305273,,Maria,Thompson,False,False,False,add
201288478,,Maria,,False,False,False,add
150474297,user_2513,Victoria,,False,False,False,add
287484289,,Maria,,False,False,False,add
249732244,,Alex,Williams,False,False,False,add
820431925,user_5445,Jack,Miller,False,False,False,add
219876903,user_7752,Daniel,White,True,False,False,add
568878482,user_8015,Diana,,False,False,False,add
193291239,user_3868,Irina,Martinez,False,False,False,add
741978476,user_2398,Nina,Miller,False,False,False,add
331323915,user_3248,Eva,Garcia,False,False,False,add
422317670,user_3236,Alex,Perez,True,False,False,add
717672254,user_2771,Eva,White,True,False,False,add
449609670,user_9486,David,,False,False,False,add
555101715,user_3119,Jack,,False,False,False,add
596377942,user_3221,David,Miller,False,False,False,add
131333483,user_7849,Natasha,,False,False,False,add
382471613,user_1945,James,,False,False,False,add
228938576,user_2625,Chris,Brown,False,False,False,add
337261449,user_6323,Diana,White,False,False,False,add
689329665,,John,Moore,False,False,False,add
767275843,,Maria,,False,False,False,add
643627313,user_8130,Nina,Martin,False,False,False,add
397297179,,John,Perez,False,False,False,add
232146090,user_3557,Steve,Miller,True,False,False,add
318317390,,Anna,,False,False,False,add
150823930,,Julia,Jones,True,False,False,add
302088825,user_6574,John,,False,False,False,add
976602794,,Elena,Thomas,False,False,False,add
303429837,user_3400,Tom,,False,False,False,add
469401767,user_6277,Paul,,True,False,False,add
285535583,,Eva,,False,False,False,add
972802237,user_7486,John,,False,False,False,add
372755045,,Anna,,False,False,False,add
858501967,user_3305,Peter,,False,False,False,add
739086408,user_6683,Emma,,False,False,False,add
698979148,user_1876,Emma,,False,False,False,add
144041967,user_8376,Steve,Perez,True,False,False,add
625376014,user_2712,Nina,Thompson,False,False,False,add
608684347,,James,,True,False,False,add
975076377,,Elena,Jones,False,False,False,add
424181457,,Paul,Hernandez,False,False,False,add
986989292,user_2280,Nina,,False,False,False,add
532246339,user_1335,Alex,,False,False,False,add
794545466,,Victoria,Jones,False,False,False,add
610238727,user_5544,Chris,Rodriguez,False,False,False,add
841308974,,Sofia,Rodriguez,False,False,False,add
792206802,user_2144,Chris,Perez,False,False,False,add
863822390,,Eva,Thomas,False,False,False,add
313637558,user_3051,Robert,Brown,False,False,False,add
817820506,,Irina,,False,False,False,add
383684776,user_4981,Sofia,White,False,False,False,add
967782113,user_9623,Irina,,False,False,False,add
530988193,user_1549,James,,False,False,False,add
334595385,,Elena,,False,False,False,add
199953912,,Steve,Thomas,False,False,False,add
754327611,user_2266,Eva,Lee,True,False,False,add
270304176,,Olga,Williams,False,False,False,add
484581205,user_5139,Steve,Moore,False,False,False,add
547964759,user_1172,Anna,,False,False,False,add
778519632,user_1902,Daniel,,False,False,False,add
143403593,,Elena,Martinez,True,False,False,add
937773734,user_9453,Tom,Martin,False,False,False,add
426529416,user_2367,William,Jones,False,False,False,add
785318684,user_8268,Steve,,False,False,False,add
914324957,user_8509,David,,True,False,False,add
373672411,user_9485,Alex,,False,False,False,add
159377027,user_6838,Julia,,False,False,False,add
212439672,,Nina,Martin,False,False,False,add
273219842,user_6643,Natasha,Hernandez,False,False,False,add
177491432,,Steve,Davis,False,False,False,add
949630449,user_1686,Victoria,,False,False,False,add
911204531,user_5650,David,,False,False,False,add
646421980,user_9488,Daniel,,False,False,False,add
182201260,user_9872,Anna,,True,False,False,add
270816861,user_2589,Kate,Jackson,False,False,False,add
846286084,user_9624,Anna,,False,False,False,add
321989288,user_6406,Michael,Smith,False,False,False,add
578920646,user_4517,Sofia,Rodriguez,False,False,False,add
963042330,user_2813,Julia,,False,False,False,add
358676912,,William,,False,False,False,add
865980146,,Robert,,False,False,False,add
210956311,user_3995,Sofia,,False,False,False,add
431517883,,Emma,Jones,True,False,False,add
761052002,user_9085,Diana,Lee,False,False,False,add
477987755,user_3279,Diana,,False,False,False,add
942844785,,Irina,,True,False,False,add
308710949,user_1479,Olga,,False,False,False,add
771133399,user_1910,Kate,Gonzalez,False,False,False,add
390028802,user_1931,Paul,,True,False,False,add
910848581,user_8164,Olga,White,True,False,False,add
977854186,user_4457,Emma,,False,False,False,add
491885880,,Alex,,False,False,False,add
642019460,user_7383,Lisa,Brown,True,False,False,add
324595985,user_1564,Olga,,False,False,False,add
900940353,,Alex,Taylor,False,False,False,add
993240656,user_9486,Tom,Garcia,False,False,False,add
155597317,user_9779,Emma,,False,False,False,add
539413762,,Olga,,True,False,False,add
375394549,,Daniel,,False,False,False,add
729344082,,Eva,Gonzalez,False,False,False,add
863447224,user_3031,Natasha,Jackson,True,False,False,add
373908516,user_3790,Mark,Gonzalez,False,False,False,add
893760718,user_8685,Anna,,False,False,False,add
514337530,user_9687,Maria,,False,False,False,add
280421448,user_9838,Eva,Thompson,False,False,False,add
382500908,user_8577,Diana,Martinez,False,False,False,add
855799232,user_2863,Jack,White,False,False,False,add
898964055,user_8121,Elena,,False,False,False,add
371334178,user_4228,Robert,,False,False,False,add
163178430,,Irina,,False,False,False,add
911510929,,Irina,,False,False,False,add
204213579,,Sofia,Gonzalez,True,False,False,add
273631010,,Mark,Williams,False,False,False,add
488002067,user_4387,Daniel,,True,False,False,add
